{
  "feature_importance": {
    "features": [
      "rssi_A",
      "rssi_B",
      "rssi_C",
      "rssi_D",
      "rssiA_mean",
      "rssiA_median",
      "rssiA_std",
      "rssiA_min",
      "rssiA_max",
      "rssiA_q25",
      "rssiA_q75",
      "rssiA_outliers",
      "rssiB_mean",
      "rssiB_median",
      "rssiB_std",
      "rssiB_min",
      "rssiB_max",
      "rssiB_q25",
      "rssiB_q75",
      "rssiB_outliers",
      "rssiC_mean",
      "rssiC_median",
      "rssiC_std",
      "rssiC_min",
      "rssiC_max",
      "rssiC_q25",
      "rssiC_q75",
      "rssiC_outliers",
      "rssiD_mean",
      "rssiD_median",
      "rssiD_std",
      "rssiD_min",
      "rssiD_max",
      "rssiD_q25",
      "rssiD_q75",
      "rssiD_outliers"
    ],
    "gain": [
      1902.2500863224268,
      1276.5303231999278,
      2841.6444576978683,
      1683.784588754177,
      435.34181213378906,
      1627.34623203706,
      737.5460675358772,
      1723.6426429748535,
      2764.8210830688477,
      1539.049870789051,
      1597.6283043920994,
      1.1950400173664093,
      993.7257218360901,
      833.8670789592434,
      991.1932153850794,
      1155.032168239355,
      1742.6557549174177,
      740.6691767731681,
      1481.614011388272,
      1.0713329911231995,
      98.83645096421242,
      571.241697371006,
      1789.9320846945047,
      1288.5079406499863,
      719.8819917440414,
      894.2428357601166,
      1861.4383531212807,
      66.62310981750488,
      1761.0836839675903,
      496.47744941711426,
      1766.8529966026545,
      1026.978931427002,
      2062.4515756219625,
      1492.3334095031023,
      1730.9481233507395,
      11.62705972790718
    ],
    "split": [
      26,
      27,
      48,
      33,
      6,
      30,
      23,
      40,
      40,
      21,
      23,
      5,
      15,
      14,
      24,
      25,
      32,
      15,
      32,
      5,
      10,
      18,
      37,
      19,
      14,
      14,
      39,
      3,
      27,
      7,
      36,
      26,
      37,
      24,
      28,
      2
    ]
  },
  "basic_metrics": {
    "accuracy": 0.996,
    "precision_weighted": 0.9963636363636363,
    "precision_macro": 0.9963636363636365,
    "recall_weighted": 0.996,
    "recall_macro": 0.996,
    "f1_weighted": 0.9959899749373433,
    "f1_macro": 0.9959899749373434,
    "cohen_kappa": 0.9958333333333333
  },
  "topk_accuracy": {
    "top1": 0.996,
    "top2": 1.0,
    "top3": 1.0,
    "top5": 1.0
  },
  "confidence_metrics": {
    "mean_confidence": 0.567928815812613,
    "median_confidence": 0.5905052613061348,
    "std_confidence": 0.10253102508477785,
    "min_confidence": 0.19084995640665542,
    "max_confidence": 0.7294602856772321,
    "low_confidence_count": 56,
    "high_confidence_count": 0
  },
  "location_analysis": {
    "corner": {
      "accuracy": 1.0,
      "count": 40,
      "f1": 1.0
    },
    "edge": {
      "accuracy": 0.9916666666666667,
      "count": 120,
      "f1": 0.9956140350877193
    },
    "center": {
      "accuracy": 1.0,
      "count": 90,
      "f1": 1.0
    }
  },
  "train_performance": {
    "accuracy": 1.0,
    "f1_weighted": 1.0,
    "sample_count": 1000
  },
  "timing_metrics": {
    "test_inference_time_seconds": 0.0010001659393310547,
    "test_samples": 250,
    "test_time_per_sample_ms": 0.004000663757324219,
    "test_throughput_samples_per_second": 249958.5220500596,
    "train_inference_time_seconds": 0.0029981136322021484,
    "train_samples": 1000,
    "train_time_per_sample_ms": 0.0029981136322021484,
    "train_throughput_samples_per_second": 333543.0616302187
  },
  "cross_validation": {
    "cv_scores": [
      1.0,
      1.0,
      1.0,
      1.0,
      1.0
    ],
    "mean_cv_accuracy": 1.0,
    "std_cv_accuracy": 0.0,
    "min_cv_accuracy": 1.0,
    "max_cv_accuracy": 1.0,
    "cv_folds": 5
  },
  "learning_curve": {
    "train_sizes": [
      80,
      160,
      240,
      320,
      400,
      480,
      560,
      640,
      720,
      800
    ],
    "train_scores_mean": [
      1.0,
      1.0,
      1.0,
      1.0,
      1.0,
      1.0,
      1.0,
      1.0,
      1.0,
      1.0
    ],
    "train_scores_std": [
      0.0,
      0.0,
      0.0,
      0.0,
      0.0,
      0.0,
      0.0,
      0.0,
      0.0,
      0.0
    ],
    "val_scores_mean": [
      1.0,
      1.0,
      1.0,
      1.0,
      1.0,
      1.0,
      1.0,
      1.0,
      1.0,
      1.0
    ],
    "val_scores_std": [
      0.0,
      0.0,
      0.0,
      0.0,
      0.0,
      0.0,
      0.0,
      0.0,
      0.0,
      0.0
    ]
  },
  "spatial_metrics": {
    "mean_error_m": 0.008,
    "median_error_m": 0.0,
    "std_error_m": 0.126237870704476,
    "min_error_m": 0.0,
    "max_error_m": 2.0,
    "p90_error_m": 0.0,
    "p95_error_m": 0.0
  },
  "top_error_patterns": {
    "B5->A5": 1
  },
  "per_cell_metrics": {
    "A1": {
      "sample_count": 10,
      "accuracy": 1.0,
      "precision": 1.0,
      "recall": 1.0,
      "f1": 1.0,
      "mean_confidence": 0.5560164093237361,
      "correct_predictions": 10,
      "incorrect_predictions": 0,
      "top_confused_with": []
    },
    "A2": {
      "sample_count": 10,
      "accuracy": 1.0,
      "precision": 1.0,
      "recall": 1.0,
      "f1": 1.0,
      "mean_confidence": 0.6132229279965626,
      "correct_predictions": 10,
      "incorrect_predictions": 0,
      "top_confused_with": []
    },
    "A3": {
      "sample_count": 10,
      "accuracy": 1.0,
      "precision": 1.0,
      "recall": 1.0,
      "f1": 1.0,
      "mean_confidence": 0.7195354681916545,
      "correct_predictions": 10,
      "incorrect_predictions": 0,
      "top_confused_with": []
    },
    "A4": {
      "sample_count": 10,
      "accuracy": 1.0,
      "precision": 1.0,
      "recall": 1.0,
      "f1": 1.0,
      "mean_confidence": 0.6250731268269127,
      "correct_predictions": 10,
      "incorrect_predictions": 0,
      "top_confused_with": []
    },
    "A5": {
      "sample_count": 10,
      "accuracy": 1.0,
      "precision": 0.9090909090909091,
      "recall": 1.0,
      "f1": 0.9523809523809523,
      "mean_confidence": 0.6153737034010939,
      "correct_predictions": 10,
      "incorrect_predictions": 0,
      "top_confused_with": []
    },
    "B1": {
      "sample_count": 10,
      "accuracy": 1.0,
      "precision": 1.0,
      "recall": 1.0,
      "f1": 1.0,
      "mean_confidence": 0.6870639107883845,
      "correct_predictions": 10,
      "incorrect_predictions": 0,
      "top_confused_with": []
    },
    "B2": {
      "sample_count": 10,
      "accuracy": 1.0,
      "precision": 1.0,
      "recall": 1.0,
      "f1": 1.0,
      "mean_confidence": 0.44077103811812474,
      "correct_predictions": 10,
      "incorrect_predictions": 0,
      "top_confused_with": []
    },
    "B3": {
      "sample_count": 10,
      "accuracy": 1.0,
      "precision": 1.0,
      "recall": 1.0,
      "f1": 1.0,
      "mean_confidence": 0.5486937067975596,
      "correct_predictions": 10,
      "incorrect_predictions": 0,
      "top_confused_with": []
    },
    "B4": {
      "sample_count": 10,
      "accuracy": 1.0,
      "precision": 1.0,
      "recall": 1.0,
      "f1": 1.0,
      "mean_confidence": 0.4410090830446844,
      "correct_predictions": 10,
      "incorrect_predictions": 0,
      "top_confused_with": []
    },
    "B5": {
      "sample_count": 10,
      "accuracy": 0.9,
      "precision": 1.0,
      "recall": 0.9,
      "f1": 0.9473684210526316,
      "mean_confidence": 0.5046616175649049,
      "correct_predictions": 9,
      "incorrect_predictions": 1,
      "top_confused_with": [
        [
          "A5",
          1
        ]
      ]
    },
    "C1": {
      "sample_count": 10,
      "accuracy": 1.0,
      "precision": 1.0,
      "recall": 1.0,
      "f1": 1.0,
      "mean_confidence": 0.5534076917508827,
      "correct_predictions": 10,
      "incorrect_predictions": 0,
      "top_confused_with": []
    },
    "C2": {
      "sample_count": 10,