{
  "features": [
    "rssi_A",
    "rssi_B",
    "rssi_C",
    "rssi_D",
    "rssiA_mean",
    "rssiA_median",
    "rssiA_std",
    "rssiA_min",
    "rssiA_max",
    "rssiA_q25",
    "rssiA_q75",
    "rssiA_outliers",
    "rssiB_mean",
    "rssiB_median",
    "rssiB_std",
    "rssiB_min",
    "rssiB_max",
    "rssiB_q25",
    "rssiB_q75",
    "rssiB_outliers",
    "rssiC_mean",
    "rssiC_median",
    "rssiC_std",
    "rssiC_min",
    "rssiC_max",
    "rssiC_q25",
    "rssiC_q75",
    "rssiC_outliers",
    "rssiD_mean",
    "rssiD_median",
    "rssiD_std",
    "rssiD_min",
    "rssiD_max",
    "rssiD_q25",
    "rssiD_q75",
    "rssiD_outliers"
  ],
  "importance_gain": [
    1902.2500863224268,
    1276.5303231999278,
    2841.6444576978683,
    1683.784588754177,
    435.34181213378906,
    1627.34623203706,
    737.5460675358772,
    1723.6426429748535,
    2764.8210830688477,
    1539.049870789051,
    1597.6283043920994,
    1.1950400173664093,
    993.7257218360901,
    833.8670789592434,
    991.1932153850794,
    1155.032168239355,
    1742.6557549174177,
    740.6691767731681,
    1481.614011388272,
    1.0713329911231995,
    98.83645096421242,
    571.241697371006,
    1789.9320846945047,
    1288.5079406499863,
    719.8819917440414,
    894.2428357601166,
    1861.4383531212807,
    66.62310981750488,
    1761.0836839675903,
    496.47744941711426,
    1766.8529966026545,
    1026.978931427002,
    2062.4515756219625,
    1492.3334095031023,
    1730.9481233507395,
    11.62705972790718
  ],
  "importance_split": [
    26,
    27,
    48,
    33,
    6,
    30,
    23,
    40,
    40,
    21,
    23,
    5,
    15,
    14,
    24,
    25,
    32,
    15,
    32,
    5,
    10,
    18,
    37,
    19,
    14,
    14,
    39,
    3,
    27,
    7,
    36,
    26,
    37,
    24,
    28,
    2
  ]
}